[
  {
    "id": "5db62bab",
    "web": "-app",
    "state": "false",
    "uploader": "-app",
    "userimg": "-app",
    "titulo": "Halo Combat Evolved",
    "img": "https://i.imgur.com/Y87xxLi.jpg",
    "capturas": "https://i.imgur.com/Y87xxLi.jpg, https://i.imgur.com/Y87xxLi.jpg, https://i.imgur.com/Y87xxLi.jpg",
    "dcp": "La trama de Halo tiene lugar en el siglo XXVI, período donde el jugador asume el rol del Jefe Maestro, un soldado genéticamente mejorado que es acompañado por Cortana",
    "infoall": "<h1>Descripcion</h1>\nHalo: Combat Evolved, comúnmente conocido como Halo o Halo 1, es un videojuego de disparos en primera persona desarrollado por Bungie Studios y publicado por Microsoft Game Studios el 15 de noviembre de 2001, a manera de título debut de la videoconsola Xbox,1​ y de la cual es considerado como su aplicación asesina.7​ Es el primer juego de la franquicia Halo.\n\nEn 2003, Microsoft puso a la venta las respectivas adaptaciones para los sistemas Microsoft Windows —versión diseñada por Gearbox Software— y Mac OS X, mientras que la trama dio lugar a la producción de una serie de novelas e historietas ambientadas en el universo ficticio del juego virtual. Posteriormente, en 2007, se produjo un Xbox original disponible para su descarga en el disco duro de cualquier consola Xbox 360. En la Electronic Entertainment Expo de 2011, Microsoft anunció una versión denominada Halo: Combat Evolved Anniversary, cuyo estreno ocurrió el 15 de noviembre de 2011 con motivo del décimo aniversario del debut de dicho juego en el mercado. Entre las nuevas características que incluiría esta versión están un modo cooperativo en línea y gráficos mejorados a partir del motor de juego usado para Halo: Reach.8​\n\nLa trama de Halo tiene lugar en el siglo XXVI, período donde el jugador asume el rol del Jefe Maestro, un soldado genéticamente mejorado que es acompañado por Cortana, una inteligencia artificial. A lo largo de la historia, el usuario se enfrenta a varios extraterrestres —tanto en enfrentamientos directos de cuerpo a cuerpo como a bordo de vehículos— en su intento por descubrir los secretos de Halo, un mundo artificial con forma de anillo.\n\nLa crítica ha catalogado al juego como un título con una interactividad «fácil de aprender»,9​ elogiándolo principalmente por su «atractiva historia».10​ Igualmente, muchas revistas que abordan contenidos sobre videojuegos han calificado a Halo como «uno de los mejores y más importantes videojuegos de todos los tiempos».11​12​ Hasta el 9 de noviembre de 2005, se llegaron a vender más de cinco millones de copias del juego en todo el mundo.13​ Adicionalmente, el juego sirvió de inspiración y llegó a ser usado en la serie de títulos Red vs. Blue, creados por fanáticos de Halo, el cual es acreditado como «el primer gran éxito» de machinima14​ la técnica consistente en usar motores con gráficos 3D en tiempo real, por lo general de algunos videojuegos, para crear películas animadas. En 2010, debutó Halo: Reach, una precuela de Combat Evolved además de ser el último juego de la saga producido por Bungie.\n\n<h1>Requisitos</h1>\n<h4>Minimos</h4>\nSistema operativo: Microsoft Windows 98, Microsoft Windows Segunda edición, Microsoft Windows Millennium Edition, Microsoft Windows 2000 o Microsoft Windows XP.\nEquipo/Procesador: procesador a 733 megahercios (MHz).\nDirectX: DirectX® 9.0 o posterior. (DirectX 9.0b es instalado por Halo.)\nMemoria: 128 megabytes (MB) de memoria RAM.\nDisco duro: 1,2 gigabytes (GB) de espacio disponible en disco duro.\nTarjeta de vídeo: 32 MB confunciones 3D de transformación e iluminación.\nCD: 8X.\nSonido: tarjeta de sonido, altavoces o auriculares con capacidad para varios jugadores.\n*Módem de 56,6 Kilobytes por segundo (Kbps) o adaptador de red de 10 MB. Los servidores de varios jugadores requieren banda ancha para ejecutar un servidor.\n*Además, debe tener un proveedor de servicios de Internet (ISP) o una Red de área local si desea la funcionalidad de multijugador.\n\n::h4;Recomendados:::/h4;\nDesconocidos\n\n::h1;Zona de Descarga::/h1;\n::h6;hola, soy @lokuedo5000 y como no cuento con entradas de ingresos le puse a los enlaces publicidad pasiva, que significa pasiva pues es fácil, al momento de abrir un enlace se le abre dos pestañas del navegador una es publicidad y la otra es un enlace de AdFly solo espera 5 segundo y listo, no tienes que presionar ningún botón que diga permitir::/h6;\n\n::h4;Enlaces::/h4;\n::h5;Parte 1::/h5;::a;-link-::/a;\n\n::h4;Requerimientos::/h4;\n::h6;Contraseña: lokuedo5000::/h6;",
    "tags": "Halo Combat Evolved, Halo, Halo 1, Halo ce, Portable, @lokuedo5000",
    "peso": "null",
    "servidor": "mega",
    "genero": "Disparos en Primera Persona, Multijugador, Cooperativo",
    "video": "DaasZU-d1dc",
    "tipo": "Games"
  },
  {
    "id": "67f7d50a",
    "web": "-app",
    "state": "false",
    "uploader": "-app",
    "userimg": "-app",
    "titulo": "Halo Spartan Assault",
    "img": "https://i.imgur.com/q6NvJ8X.jpg",
    "capturas": "https://i.imgur.com/q6NvJ8X.jpg, https://i.imgur.com/q6NvJ8X.jpg, https://i.imgur.com/q6NvJ8X.jpg",
    "dcp": "Transcurre entre los sucesos de Halo 3 en 2553 y los de Halo 4 en 2557, mientras que el paradero del Jefe Maestro era desconocido (que está en sueño creogenico en camino al planeta",
    "infoall": "::h1;Descripcion::/h1;\nHalo: Spartan Assault es un videojuego de acción con vista cenital perteneciente a la saga Halo, que fue lanzado a la venta el 18 de Julio de 2013 para Windows 8 y Windows Phone 8, y luego fue editado para el resto de plataformas. Está disponible en Windows 8, Windows Phone 8, Xbox 360 y Xbox One. Desde el día 4 de abril de 2014, el videojuego está disponible en Steam. Desde el día 16 de abril de 2015, el juego está disponible en la App Store de Apple.\n\n::h1;Historia::/h1;\nTranscurre entre los sucesos de Halo 3 en 2553 y los de Halo 4 en 2557, mientras que el paradero del Jefe Maestro era desconocido (que está en sueño creogenico en camino al planeta Forerunner de réquiem). Sigue las misiones de los Spartan que combaten contra el nuevo Covenant. Se controla a la Comandante Sarah Palmer o al Spartan Davis.\n\n::h1;Requisitos::/h1;\n::h4;Minimos:::/h4;\nSistema Operativo: Windows Vista, 7, 8 y 8.1\nProcesador: Dual core Procesador\nMemoria: 1 GB RAM\nTarjeta gráfica: DirectX10 compatible Tarjeta gráfica card w/ dedicada 512MB RAM (ATI Radeon 3670, NVIDIA 8600 GT ó Intel HD 3000)\nDirectX: Versión 10\nDisco duro: 2550 MB espacio disponible\nNotas adicionales: ** DirectX feature level 10 required **\n\n::h4;Recomendados:::/h4;\nSistema Operativo: Windows Vista, 7, 8 y 8.1\nProcesador: Quad core Procesador\nMemoria: 2 GB RAM\nTarjeta gráfica: DirectX10 compatible Tarjeta gráfica card w/ dedicada 1GB RAM\nDirectX: Versión 11\nDisco duro: 2550 MB espacio disponible\n\n::h1;Zona de Descarga::/h1;\n::h6;hola, soy @lokuedo5000 y como no cuento con entradas de ingresos le puse a los enlaces publicidad pasiva, que significa pasiva pues es fácil, al momento de abrir un enlace se le abre dos pestañas del navegador una es publicidad y la otra es un enlace de AdFly solo espera 5 segundo y listo, no tienes que presionar ningún botón que diga permitir::/h6;\n\n::h4;Enlaces::/h4;\n::h5;Parte 1::/h5;::a;-link-::/a;\n\n::h4;Requerimientos::/h4;\n::h6;Contraseña: lokuedo5000::/h6;",
    "tags": "Halo Spartan Assault, Halo Spartan Strike, Halo, Spartan, Portable, @lokuedo5000",
    "peso": "null",
    "servidor": "mega",
    "genero": "Accion,Disparos en Tercera Persona,Simulador",
    "video": "DaasZU-d1dc",
    "tipo": "Games"
  },
  {
    "id": "a4d1d4a6",
    "web": "-app",
    "state": "true",
    "uploader": "-app",
    "userimg": "-app",
    "titulo": "Crashday Redline Edition",
    "img": "https://i.imgur.com/yMa7TKi.jpg",
    "capturas": "https://i.imgur.com/9sV7FWY.jpg, https://i.imgur.com/Rhl8288.png",
    "dcp": "Crashday es un juego de carreras orientado a la acción en el que la conducción limpia de las carreras está en segundo plano. Más bien, se trata de la destrucción de vehículos. Para este propósito, varias armas como",
    "infoall": "::h1;Descripcion::/h1;\nCrashday es un juego de carreras orientado a la acción en el que la conducción limpia de las carreras está en segundo plano. Más bien, se trata de la destrucción de vehículos. Para este propósito, varias armas como Ametralladora Gatling y Lanzacohetes múltiple están disponibles para los pilotos. El segundo elemento central es el tuning de los vehículos. El jugador puede mejorar significativamente su vehículo en términos de apariencia, rendimiento y blindaje. Las carreras se realizan en una variedad de rutas, no solo hay arenas de varios tamaños, sino también caminos rurales, áreas urbanas o colinas.\n\n::h1;Requisitos::/h1;\n::h4;Minimos:::/h4;\nSO: Windows 7 32bit ó posterior\nProcesador: Intel Core 2 Duo E6600\nMemoria: 1 GB de RAM\nGráficos: NVIDIA GeForce 8800 GT\nDirectX: Versión 9.0c\nAlmacenamiento: 400 MB de espacio disponible\n\n::h4;Recomendados:::/h4;\nDesconocidos\n\n::h1;Zona de Descarga::/h1;\n::h6;hola, soy @lokuedo5000 y como no cuento con entradas de ingresos le puse a los enlaces publicidad pasiva, que significa pasiva pues es fácil, al momento de abrir un enlace se le abre dos pestañas del navegador una es publicidad y la otra es un enlace de AdFly solo espera 5 segundo y listo, no tienes que presionar ningún botón que diga permitir::/h6;\n\n::h4;Enlaces::/h4;\n::h5;Parte 1::/h5;::a;https://mega.nz/file/0ggiQZaJ#OfhWmQNnr9kM_OxQsS_f8mYDc0vZCqFHsFDrHifV3nQ::/a;\n\n::h5;Parte 2::/h5;::a;https://mega.nz/file/BswUzLTQ#_7kljuqBjwFFQ3By_SaXPGgOU07U5SDgtGXpCVrRN2s::/a;\n\n::h5;Parte 3::/h5;::a;https://mega.nz/file/ohhkzbhQ#AW5RKpUQ1ZCiVEI83_eefh0Xw_OLgrGP_tSwqTUUSsU::/a;\n\n::h5;Parte 4::/h5;::a;https://mega.nz/file/ot4WkRZD#wh1CLIR3u1LNzNIOEzwkIZSjwNntWHYoOCZdIdTA_BI::/a;\n\n::h5;Parte 5::/h5;::a;https://mega.nz/file/B8xUwBhI#caFxD97rEtrz5swdxIyTRMpPmH8nd-5KX7pUy2x9xUo::/a;\n\n::h5;Parte 6::/h5;::a;https://mega.nz/file/gwpQXSzb#qPrZH-oFjgL8akbUdl7c_WQwFGL8wAY2_eg_7mkifCo::/a;\n\n::h4;Requerimientos::/h4;\n::h6;Contraseña: lokuedo5000::/h6;",
    "tags": "Crashday Redline Edition, Crashday Redline, @lokuedo5000",
    "peso": "523 MB",
    "servidor": "Mega",
    "genero": "Arcade,Conduccion",
    "video": "DaasZU-d1dc",
    "tipo": "Games"
  },
  {
    "id": "6e33ac77",
    "web": "-app",
    "state": "true",
    "uploader": "-app",
    "userimg": "-app",
    "titulo": "Assassin's Creed III: Liberation",
    "img": "https://i.imgur.com/Omodx7q.jpg",
    "capturas": "https://i.imgur.com/pmJgKh2.jpg, https://i.imgur.com/UdMlXe7.jpg, https://i.imgur.com/gNcuuvO.jpg",
    "dcp": "En la actualidad, Abstergo Entertainment, una subsidiaria de Abstergo que se encarga de producir bienes multimedia, lanza su primer gran producto, Liberation , un videojuego sobre la vida de la Asesina Aveline de Grandpré",
    "infoall": "::h1;Descripcion::/h1;\nEn la actualidad, Abstergo Entertainment, una subsidiaria de Abstergo que se encarga de producir bienes multimedia, lanza su primer gran producto, Liberation , un videojuego sobre la vida de la Asesina Aveline de Grandpré . El jugador es contactado por el grupo de hackers Erudito mientras juega, y se entera de que se realizó una gran cantidad de censura con respecto a la guerra entre Asesinos y Templarios . El grupo se ofrece a ayudar al jugador a eliminar estos elementos del juego durante su partida.\n\nEl jugador comienza a experimentar la vida de Aveline en 1765, mientras opera en la ciudad de Nueva Orleans desde la mansión de su familia, en la que vive junto a su madrastra, Madeleine de L'Isle. A medida que la ciudad sufre una transición de control de Francia a España cerca del final de la Guerra Francesa e India , Aveline descubre un complot templario para controlar Luisiana durante el período de transición dirigido por el templario Rafael Joaquín de Ferrer. Para contrarrestar esto, asesina a dos hombres que lo ayudan en sus objetivos: el gobernador francés Jean-Jacques Blaise d'Abbadie, como parte de un trato para mantener su puesto en Nueva Orleans, y Baptiste, un desertor de los Asesinos que intenta controlar las operaciones de contrabando en el Bayou alrededor de la ciudad y sacar al mentor de Aveline, el Asesino Agaté, de su escondite. Un año después de estos asesinatos, de Ferrer es enviado a un lugar de trabajo templario en México, mientras que su socio Antonio de Ulloa supervisa Nueva Orleans como su nuevo gobernador español, imponiendo estrictas restricciones comerciales, estableciendo una operación encubierta de comercio de esclavos y permitiendo a los funcionarios franceses para seguir operando en la ciudad.\n\n::h1;Requisitos::/h1;\n::h4;Minimos:::/h4;\nSistema Operativo: Windows Vista SP2, Windows 7 SP1, Windows 8 / 8.1 (both 32/64bit Versións)\nProcesador: Intel Core i3 2105 @ 3.1 GHz ó AMD Phenom 2 X4 955 @ 3.2GHz\nMemoria: 2 GB RAM\nTarjeta gráfica: Nvidia GeForce 8800GT ó AMD Radeon HD4870 (512MB VRAM & Shader Model 4.0)\nDisco duro: 3500 MB espacio disponible\nTarjeta de sonido: DirectX Compatible Tarjeta de sonido con los últimos drivers\n\n::h4;Recomendados:::/h4;\nSistema Operativo: Windows Vista SP2, Windows 7 SP1, Windows 8 / 8.1 (both 32/64bit Versións)\nProcesador: Intel Core i5 2400S @ 2.5 GHz ó AMD FX 4100 @ 3,6 GHz ó superior\nMemoria: 4 GB RAM\nTarjeta gráfica: Nvidia GeForce GTX 570 ó AMD Radeon HD7870 (1250MB VRAM & Shader Model 5.0) ó superior\nDisco duro: 3500 MB espacio disponible\nTarjeta de sonido: DirectX Compatible Tarjeta de sonido con los últimos drivers\n\n::h1;Zona de Descarga::/h1;\n::h6;hola, soy @lokuedo5000 y como no cuento con entradas de ingresos le puse a los enlaces publicidad pasiva, que significa pasiva pues es fácil, al momento de abrir un enlace se le abre dos pestañas del navegador una es publicidad y la otra es un enlace de AdFly solo espera 5 segundo y listo, no tienes que presionar ningún botón que diga permitir::/h6;\n\n::h4;Enlaces::/h4;\n::h5;Parte 1::/h5;::a;https://www.mediafire.com/file/u2hl6ukj8gvqcvc/ACL.part01.rar/file::/a;\n\n::h5;Parte 2::/h5;::a;https://www.mediafire.com/file/u5tmwa8p3zqhh06/ACL.part02.rar/file::/a;\n\n::h5;Parte 3::/h5;::a;https://www.mediafire.com/file/10klcwe7968kyo0/ACL.part03.rar/file::/a;\n\n::h5;Parte 4::/h5;::a;https://www.mediafire.com/file/1gl290rapi8bt76/ACL.part04.rar/file::/a;\n\n::h5;Parte 5::/h5;::a;https://www.mediafire.com/file/5e8mqq3gfw2215g/ACL.part05.rar/file::/a;\n\n::h5;Parte 6::/h5;::a;https://www.mediafire.com/file/gb3j20ha5udf0x7/ACL.part06.rar/file::/a;\n\n::h5;Parte 7::/h5;::a;https://www.mediafire.com/file/paqtwejfralypoi/ACL.part07.rar/file::/a;\n\n::h5;Parte 8::/h5;::a;https://www.mediafire.com/file/t0x0ozhruegrfao/ACL.part08.rar/file::/a;\n\n::h5;Parte 9::/h5;::a;https://www.mediafire.com/file/euwyvui4df3715n/ACL.part09.rar/file::/a;\n\n::h5;Parte 10::/h5;::a;https://www.mediafire.com/file/3hjwfxew8jvfdnb/ACL.part10.rar/file::/a;\n\n::h5;Parte 11::/h5;::a;https://www.mediafire.com/file/ymo8pe2x5ca2gwp/ACL.part11.rar/file::/a;\n\n::h5;Parte 12::/h5;::a;https://www.mediafire.com/file/xwywnmpyessgtb1/ACL.part12.rar/file::/a;\n\n::h4;Requerimientos::/h4;\n::h6;Contraseña: lokuedo5000::/h6;",
    "tags": "Assassin's Creed III: Liberation, Assassin's Creed III, Assassin's Creed, Creed, Assassin's, @lokuedo5000",
    "peso": "2 GB",
    "servidor": "mediafire",
    "genero": "Accion,Aventura",
    "video": "I8Gsf1JYtow",
    "tipo": "Games"
  },
  {
    "id": "dc959dcf",
    "web": "-app",
    "state": "true",
    "uploader": "-app",
    "userimg": "-app",
    "titulo": "Quake 4",
    "img": "https://i.imgur.com/tCnmnF7.jpg",
    "capturas": "https://i.imgur.com/PkDCOUV.png, https://i.imgur.com/VbvEQ6S.png",
    "dcp": "El modo para un único jugador de Quake 4 continúa la historia desarrollada en Quake II, poniendo al jugador en una guerra contra unos cyborgs extraterrestres conocidos como Stroggs. El juego",
    "infoall": "::h1;Descripcion::/h1;\nEl modo para un único jugador de Quake 4 continúa la historia desarrollada en Quake II, poniendo al jugador en una guerra contra unos cyborgs extraterrestres conocidos como Stroggs. El juego continúa la historia de un marine llamado Matthew Kane (el primer protagonista con nombre en la saga Quake, aunque se cree que el nombre del marine de Quake 2 es \"Bitterman\", ya que es el nombre que aparece en la cápsula en la que llega a \"Cerebron\" que es miembro de una unidad militar conocida como pelotón Rhino. La misión de los marines es asegurar el planeta Stroggos, mundo natal de los Stroggs, y destruir al nuevo Makkron pero su nave es derribada y aquí es cuando comienza la acción.\n\n::h1;Requisitos::/h1;\n::h4;Minimos:::/h4;\nSO: Windows XP\nProcesador: Intel Pentium 4 a 2.0 GHz / AMD Athlon XP 2000+ o superior\nMemoria: 512 MB de RAM\nDisco Duro: 2.8 GB de espacio libre sin comprimir (más 400 MB para el archivo de intercambio de Windows )\nGráficos: Aceleradora 3D por hardware con 64 MB de VRAM y 100% compatible con DirectX 9.0c\nSonido: Dispositivo de sonido de 16 bits 100% compatible con DirectX 9.0c y los últimos drivers\nVersión de DirectX : 9.0c\n\n::h4;Recomendados:::/h4;\nDesconocidos\n\n::h1;Zona de Descarga::/h1;\n::h6;hola, soy @lokuedo5000 y como no cuento con entradas de ingresos le puse a los enlaces publicidad pasiva, que significa pasiva pues es fácil, al momento de abrir un enlace se le abre dos pestañas del navegador una es publicidad y la otra es un enlace de AdFly solo espera 5 segundo y listo, no tienes que presionar ningún botón que diga permitir::/h6;\n\n::h4;Enlaces::/h4;\n::h5;Parte 1::/h5;::a;https://www.mediafire.com/file/caoykdqbqmxrxm6/QK4_re_subido_SShort_Games.part1.rar/file::/a;\n\n::h5;Parte 2::/h5;::a;https://www.mediafire.com/file/zflswv1kb9muq02/QK4_re_subido_SShort_Games.part2.rar/file::/a;\n\n::h5;Parte 3::/h5;::a;https://www.mediafire.com/file/ge7cgn5pvby6ptv/QK4_re_subido_SShort_Games.part3.rar/file::/a;\n\n::h5;Parte 4::/h5;::a;https://www.mediafire.com/file/xgwve8h1b39h46z/QK4_re_subido_SShort_Games.part4.rar/file::/a;\n\n::h5;Parte 5::/h5;::a;https://www.mediafire.com/file/54l3fqd6ykwcuvf/QK4_re_subido_SShort_Games.part5.rar/file::/a;\n\n::h5;Parte 6::/h5;::a;https://www.mediafire.com/file/nttn49htgsj2lhk/QK4_re_subido_SShort_Games.part6.rar/file::/a;\n\n::h5;Parte 7::/h5;::a;https://www.mediafire.com/file/5e3zk7ingf4kws8/QK4_re_subido_SShort_Games.part7.rar/file::/a;\n\n::h4;Requerimientos::/h4;\n::h6;Contraseña: lokuedo5000::/h6;",
    "tags": "Quake 4, Quake, @lokuedo5000",
    "peso": "4 GB",
    "servidor": "mediafire",
    "genero": "Accion,Disparos en Primera Persona,Horror,Shooter",
    "video": "-Xk-P0rvo3E",
    "tipo": "Games"
  },
  {
    "id": "1cfd9733",
    "web": "-app",
    "state": "false",
    "uploader": "-app",
    "userimg": "-app",
    "titulo": "Halo Spartan Strike",
    "img": "https://i.imgur.com/hMcLBAv.jpg",
    "capturas": "https://i.imgur.com/qqjNcFr.png, https://i.imgur.com/nG13Skb.png",
    "dcp": "Halo: Spartan Strike tiene lugar después de los eventos de Halo 4. El personaje del jugador es un súper soldado Spartan IV que lidera las fuerzas de la UNSC contra el nuevo Covenant y los Prometeos",
    "infoall": "::h1;Descripcion::/h1;\nHalo: Spartan Strike tiene lugar después de los eventos de Halo 4. El personaje del jugador es un súper soldado Spartan IV que lidera las fuerzas de la UNSC contra el nuevo Covenant y los Prometeos, enemigos dentro de una simulación de combate durante los eventos de Halo 2 en Nueva Mombasa, Kenia, como en Halo 3: ODST​ Después de la primera campaña, el jugador va a Gamma Halo para impedir que las fuerzas de nuevo Covenant activen un dispositivo conocido como el conducto, pero fallan, pudiendo agarrar el dispositivo. Luego, el jugador lleva el Conducto a una ciudad atacada por Prometeos y detiene la batalla.\n\n::h1;Requisitos::/h1;\n::h4;Minimos:::/h4;\nSistema Operativo: Windows 7, 8 y 8.1\nProcesador: Dual core Procesador\nMemoria: 1 GB RAM\nTarjeta gráfica: DirectX10 compatible Tarjeta gráfica card w/ dedicada 512MB RAM (ATI Radeon 3670, NVIDIA 8600 GT ó Intel HD 3000)\nDirectX: Versión 10\nDisco duro: 2550 MB espacio disponible\nNotas adicionales: ** DirectX feature level 10 required **\n\n::h4;Recomendados:::/h4;\nSistema Operativo: Windows 7, 8 y 8.1\nProcesador: Quad core Procesador\nMemoria: 2 GB RAM\nTarjeta gráfica: DirectX10 compatible Tarjeta gráfica card w/ dedicada 1GB RAM\nDirectX: Versión 11\nDisco duro: 2550 MB espacio disponible\nNotas adicionales: ** DirectX feature level 10 required **\n\n::h1;Zona de Descarga::/h1;\n::h6;hola, soy @lokuedo5000 y como no cuento con entradas de ingresos le puse a los enlaces publicidad pasiva, que significa pasiva pues es fácil, al momento de abrir un enlace se le abre dos pestañas del navegador una es publicidad y la otra es un enlace de AdFly solo espera 5 segundo y listo, no tienes que presionar ningún botón que diga permitir::/h6;\n\n::h4;Enlaces::/h4;\n::h5;Parte 1::/h5;::a;-link-::/a;\n\n::h4;Requerimientos::/h4;\n::h6;Contraseña: lokuedo5000::/h6;",
    "tags": "Halo Spartan Strike, Halo Spartan Assault, Halo, Spartan, Strike, @lokuedo5000",
    "peso": "null",
    "servidor": "mediafire",
    "genero": "Accion,Disparos en Tercera Persona,Simulador",
    "video": "CeaeRDZPcm0",
    "tipo": "Games"
  },
  {
    "id": "8ba47872",
    "web": "-app",
    "state": "true",
    "uploader": "-app",
    "userimg": "-app",
    "titulo": "Far Cry 2",
    "img": "https://i.imgur.com/sksFPLu.jpg",
    "capturas": "https://i.imgur.com/qBNITM2.jpg, https://i.imgur.com/DlHNg35.png",
    "dcp": "Far Cry 2 toma lugar en un pequeño estado del África Central, sumido en una guerra civil. El gobierno ha colapsado recientemente, dejando a dos facciones con el control: la UFLL, United Front of Liberation",
    "infoall": "::h1;Descripcion::/h1;\nFar Cry 2 toma lugar en un pequeño estado del África Central, sumido en una guerra civil. El gobierno ha colapsado recientemente, dejando a dos facciones con el control: la UFLL, United Front of Liberation, dirigida por Addi Mbantuwe, líder de la oposición; y la APR, Alliance for Popular Resistance, dirigida por Oliver Tambossa. Ambas facciones están clamando por los intereses de los habitantes, pero ambas han mostrado su falta de compasión, hostilidad, codicia, y una indiferencia general por el bienestar de la gente. Ambas facciones han contratado algunos mercenarios para reforzar su poder durante el conflicto. El agotamiento reciente de las minas de diamante de la nación ha sumido al país en un gran desorden, dejando a algunos mercenarios sin una paga y sin salida del lugar.\n\n::h1;Requisitos::/h1;\n::h4;Minimos:::/h4;\nSO: Microsoft Windows XP o Windows Vista (soportadas Versiónes de 64 bits)\nProcesador: Pentium 4 a 3.2 Ghz, Pentium D a 2.66 Ghz, AMD Athlon 64 3500+ o superior\nMemoria: 1 GB de RAM\nGráficos: nVidia 6800 / ATI X1650 o superior con 256 MB y con soporte para Shader Model 3.0*\nDisco Duro: 3.5 GB de espacio libre (múltiples partidas guardadas y mapas creados por el usuario aumentarán la cantidad de espacio necesaria en el disco duro)\n*Gráficas Soportadas: Familias nVidia 6800, 7000, 8000, 9000 y 200. 8800M y 8700M soportadas para portátiles. Familias ATI X1650 1950, HD2000, HD3000 y HD4000\n\n::h4;Recomendados:::/h4;\nProcesador: Familia Intel Core 2 Duo, AMD 64 X2 5200+, AMD Phenom o superior\nMemoria: 2 GB de RAM\nGráficos: nVidia 8600 GTS o superior, ATI X1900 o mejor con 512 MB de VRAM*\nSonido: Recomendado dispositivo de sonido 5.1\n\n::h1;Zona de Descarga::/h1;\n::h6;hola, soy @lokuedo5000 y como no cuento con entradas de ingresos le puse a los enlaces publicidad pasiva, que significa pasiva pues es fácil, al momento de abrir un enlace se le abre dos pestañas del navegador una es publicidad y la otra es un enlace de AdFly solo espera 5 segundo y listo, no tienes que presionar ningún botón que diga permitir::/h6;\n\n::h4;Enlaces::/h4;\n::h5;Parte 1::/h5;::a;https://mega.nz/file/Rl40Cagb#WCPKNfzPLAqyitRQ0TLJntcJu7EriTMPZVG6cV4nUWc::/a;\n\n::h5;Parte 2::/h5;::a;https://mega.nz/file/0lQRXYQB#BMunXSN0jkppmNGnUW7w-8euCeGUNpOasMVXNVk3PVM::/a;\n\n::h5;Parte 3::/h5;::a;https://mega.nz/file/0xBCTQxS#osytJJrZlb7T7_V1_s8B0DVTMw2vygV_2PO-rNMfSjU::/a;\n\n::h4;Requerimientos::/h4;\n::h6;Contraseña: lokuedo5000 (o) LeGames::/h6;",
    "tags": "Far Cry 2, Far Cry, @lokuedo5000",
    "peso": "3 GB",
    "servidor": "Mega",
    "genero": "Accion,Aventura,Disparos en Primera Persona",
    "video": "eed-wGYEB2o",
    "tipo": "Games"
  },
  {
    "id": "1f06414a",
    "web": "-app",
    "state": "true",
    "uploader": "-app",
    "userimg": "-app",
    "titulo": "Life is Strange Episodio 1",
    "img": "https://i.imgur.com/RPcmtI7.jpg",
    "capturas": "https://i.imgur.com/407wJgq.png, https://i.imgur.com/46qcuP7.png",
    "dcp": "Life Is Strange ocurre en la ciudad ficticia de Arcadia Bay, en Oregon, desde la perspectiva de Maxine Caulfield (Hannah Telle), estudiante de duodécimo grado de la academia de Blackwell, durante la semana del 7",
    "infoall": "::h1;Descripcion::/h1;\nLife Is Strange ocurre en la ciudad ficticia de Arcadia Bay, en Oregon, desde la perspectiva de Maxine Caulfield (Hannah Telle), estudiante de duodécimo grado de la academia de Blackwell, durante la semana del 7 de octubre de 2013. Durante clase de la fotografía con el Profesor Mark Jefferson (Derek Phillips), Max experimenta una visión de un faro que es destruido por un tornado. Dirigiéndose al baño para aclarar su mente, ve cómo un compañero de clase, Nathan Prescott (Nik Shriner), amenaza con una pistola a una chica, Chloe Price (Ashly Burch), y la asesina accidentalmente. Ante tal situación y presa del pánico, Max descubre que tiene la capacidad de rebobinar el tiempo, y gracias a ello regresa al momento en el que Nathan y Chloe comienzan a discutir, evitando así su muerte. Tras lo ocurrido, ambas chicas descubren que, a pesar de no haberse reconocido por sus cambios físicos, son mejores amigas de la infancia, por lo que deciden retomar el contacto y la amistad. Las dos se reúnen y van a dar un paseo por el faro, donde Max cuenta a Chloe su capacidad para viajar en el tiempo y la visión que tuvo en la clase de fotografía, deduciendo que el tornado no es algo pasado, sino una premonición: una tormenta se acerca a la ciudad.\n\n::h1;Requisitos::/h1;\n::h4;Minimos:::/h4;\nSistema Operativo: Windows Vista\nProcesador: Dual Core 2.0GHz o equivalente\nMemmoria: 2 GB RAM\nTarjeta gráfica: ATI o NVidia con 512 MB de RAM\nDirectX: Versión 9.0\nDisco duro: 3 GB libres\n\n::h4;Recomendados:::/h4;\nSistema Operativo: Windows 7\nProcesador: Dual Core 3.0GHz o equivalente\nMemmoria: 2 GB RAM\nTarjeta gráfica: ATI o NVidia con 1024 MB de RAM (NVIDIA GeForce GTX 260 o ATI HD 4890)\nDirectX: Versión 9.0\nDisco duro: 3 GB libres\n\n::h1;Zona de Descarga::/h1;\n::h6;hola, soy @lokuedo5000 y como no cuento con entradas de ingresos le puse a los enlaces publicidad pasiva, que significa pasiva pues es fácil, al momento de abrir un enlace se le abre dos pestañas del navegador una es publicidad y la otra es un enlace de AdFly solo espera 5 segundo y listo, no tienes que presionar ningún botón que diga permitir::/h6;\n\n::h4;Enlaces::/h4;\n::h5;Parte 1::/h5;::a;https://mega.nz/folder/ncQFGCSL#PemqcxdDlE335mgAdw3Xeg::/a;\n\n::h4;Requerimientos::/h4;\n::h6;Contraseña: lokuedo5000::/h6;",
    "tags": "Life is Strange Episodio 1, Life is Strange Episodio, Life is Strange, @lokuedo5000",
    "peso": "1,89 GB",
    "servidor": "Mega",
    "genero": "Aventura,Aventura Grafica,Pelicula Interactiva",
    "video": "UtqHDl70PN8",
    "tipo": "Games"
  },
  {
    "id": "c1b56843",
    "web": "-app",
    "state": "true",
    "uploader": "-app",
    "userimg": "-app",
    "titulo": "Half Life 2",
    "img": "https://i.imgur.com/mGhSYsV.jpg",
    "capturas": "https://i.imgur.com/z3epChT.jpg, https://i.imgur.com/oRKSGKY.jpg",
    "dcp": "La historia del juego transcurre, aproximadamente, 20 años después de Half-Life. Gordon Freeman aceptó trabajar para G-Man tras derrotar a Nihilanth, tras lo cual fue puesto en un estado de hibernación",
    "infoall": "::h1;Descripcion::/h1;\nLa historia del juego transcurre, aproximadamente, 20 años después de Half-Life. Gordon Freeman aceptó trabajar para G-Man tras derrotar a Nihilanth, tras lo cual fue puesto en un estado de hibernación, donde ha quedado congelado en el tiempo. Se creía que la destrucción de Nihilanth acabaría con la Tormenta de Portales, pero no fue así. Su muerte creó una nueva e inestable tormenta de portales que se extendió por todo el mundo, transportando a gran parte de las criaturas de Xen a la Tierra. Los Xenianos habían sido anteriormente conquistados por otra raza alienígena llamada La Alianza.\n\n::h1;Requisitos::/h1;\n::h4;Minimos:::/h4;\nProcesador a 1.7 GHz\n512 MB de RAM\nGráfica compatible con DirectX® 8.1 (requiere compatibilidad con SSE), Windows® 7 (32 y 64 bits) / Vista / XP,\n\n::h4;Recomendados:::/h4;\nProcesador Pentium 4 (3 GHz o más)\n1 GB de RAM\nGráfica compatible con DirectX® 9, Windows® 7 (32 y 64 bits) / Vista / XP\n\n::h1;Zona de Descarga::/h1;\n::h6;hola, soy @lokuedo5000 y como no cuento con entradas de ingresos le puse a los enlaces publicidad pasiva, que significa pasiva pues es fácil, al momento de abrir un enlace se le abre dos pestañas del navegador una es publicidad y la otra es un enlace de AdFly solo espera 5 segundo y listo, no tienes que presionar ningún botón que diga permitir::/h6;\n\n::h4;Enlaces::/h4;\n::h5;Parte 1::/h5;::a;https://www.mediafire.com/file/qfis6adyz3d67hq/Half_life_2.rar/file::/a;\n\n::h4;Requerimientos::/h4;\n::h6;Contraseña: lokuedo5000 (o) LeGames::/h6;",
    "tags": "Half Life 2, Half Life, @lokuedo5000",
    "peso": "1,5 GB",
    "servidor": "Mediafire",
    "genero": "disparos,accion,estrategia",
    "video": "euOiuBZPr9g",
    "tipo": "Games"
  },
  {
    "id": "a8856d51",
    "web": "-app",
    "state": "true",
    "uploader": "-app",
    "userimg": "-app",
    "titulo": "SpongeBob SquarePants Battle for Bikini Bottom Rehydrated",
    "img": "https://i.imgur.com/6yxGujH.jpg",
    "capturas": "https://i.imgur.com/goPAAX0.jpg, https://i.imgur.com/0ZRdJiY.jpg",
    "dcp": "El juego implica recoger elementos y derrotando los robots qué tiene atacado varias áreas en Fondo de Bikini, mientras cruzando plataformas y evitando medioambientales hazards como espigas",
    "infoall": "::h1;Descripcion::/h1;\nEl juego implica recoger elementos y derrotando los robots qué tiene atacado varias áreas en Fondo de Bikini, mientras cruzando plataformas y evitando medioambientales hazards como espigas y llamas. Algunas áreas requieren caracteres diferentes para batir, cuando cada carácter tiene sus capacidades únicas propias. El jugador puede controlar a Bob Esponja, Patricio y Arenita. Cambiando los caracteres requiere el jugador para encontrar una Parada de autobús, a utilizar cuál el carácter actual cambiará a otro, y utilizándolo otra vez cambiará atrás al carácter anterior, dando el jugador una opción de dos caracteres en cada nivel. El default el carácter durante el juego es SpongeBob; Sandy y Patrick no comparten cualesquier niveles como playable caracteres.\n\n::h1;Requisitos::/h1;\n::h4;Minimos:::/h4;\nRequiere un procesador y un sistema operativo de 64 bits\nSO: Windows 10 (64bit)\nProcesador: AMD / Intel CPU running at 2.8 GHz or higher (AMD Phenom II X4 925 or Intel i3-4130 or newer are recommended)\nMemoria: 4 GB de RAM\nGráficos: AMD/NVIDIA graphic card, with at least 2GB of dedicated VRAM and with at least DirectX 11 and Shader Model 5.1 support: AMD Radeon HD 7870 or NVIDIA GeForce GTX 760 or newer is recommended.\nDirectX: Versión 11\nAlmacenamiento: 8 GB de espacio disponible\nTarjeta de sonido: Integrated or dedicated DirectX 9 compatible soundcard\nNotas adicionales: Requires a 64-bit processor and operating system, Windows 7 and 8.1 are supported but some AMD Graphics Cards might show weaker performance on these OS versions.\n\n::h4;Recomendados:::/h4;\nRequiere un procesador y un sistema operativo de 64 bits\nSO: Windows 10 (64bit)\nProcesador: AMD / Intel processor running at 3.5 GHz or higher (AMD FX-6300 series or Intel Core i3-8100 or newer is recommended).\nMemoria: 8 GB de RAM\nGráficos: AMD/NVIDIA dedicated graphic card, with at least 4GB of dedicated VRAM (or more) and with at least DirectX 11 and Shader Model 5.1 support: NVIDIA GeForce GTX 1050 Ti or AMD Radeon R9\nDirectX: Versión 11\nAlmacenamiento: 8 GB de espacio disponible\nTarjeta de sonido: Integrated or dedicated DirectX 9 compatible soundcard\nNotas adicionales: Requires a 64-bit processor and operating system, Windows 7 and 8.1 are supported but some AMD Graphics Cards might show weaker performance on these OS versions.\n\n::h1;Zona de Descarga::/h1;\n::h6;hola, soy @lokuedo5000 y como no cuento con entradas de ingresos le puse a los enlaces publicidad pasiva, que significa pasiva pues es fácil, al momento de abrir un enlace se le abre dos pestañas del navegador una es publicidad y la otra es un enlace de AdFly solo espera 5 segundo y listo, no tienes que presionar ningún botón que diga permitir::/h6;\n\n::h4;Enlaces::/h4;\n::h5;Parte 1::/h5;::a;https://mega.nz/file/V4Z0AJYT#FtX0ABaFCltKKlHu9z932ZdByF3JX8WYKe50VHoL-CQ::/a;\n\n::h5;Parte 2::/h5;::a;https://mega.nz/file/1pJkTBAK#3gM3HM5m9Dvyv3w0tMVh4NDJUBidxbc4AUZoeOlhtJE::/a;\n\n::h5;Parte 3::/h5;::a;https://mega.nz/file/I5BEzbQJ#PzQmmjyjnlx6PN98hXQVfnEwTW7cIjnHU08knrGTU-4::/a;\n\n::h5;Parte 4::/h5;::a;https://mega.nz/file/twA02Z7K#4j-6gJsv1a5LVPzco3CbHbeq0A4fFpfTJFqygbWdIKY::/a;\n\n::h5;Parte 5::/h5;::a;https://mega.nz/file/5gB0UbYT#gFK4vEDPL7JqnKTsLYMArFsOhoH-LPv4oHjjKzUBwcY::/a;\n\n::h5;Parte 6::/h5;::a;https://mega.nz/file/x5JS3boJ#1UMfH8Ze8ZlT0dOcOn4domi2J5z7vcHRnjPDy-ERk2E::/a;\n\n::h5;Parte 7::/h5;::a;https://mega.nz/file/x8YE3J4Q#IRdZUDnrZ5pYqkkmFj4H-D-WEBGsMlBS-oNwQKjk3oM::/a;\n\n::h5;Parte 8::/h5;::a;https://mega.nz/file/gkY0BZbL#WR4va9frC92D7QHRtxiG4qTKU1Nga8YSsyY72ZPxwkQ::/a;\n\n::h5;Parte 9::/h5;::a;https://mega.nz/file/00JWDRja#tYv3CUTecTQn6SIt5pUvQtB8kSa5agWq33ZVd3wVWVI::/a;\n\n::h4;Requerimientos::/h4;\n::h6;Contraseña: lokuedo5000::/h6;",
    "tags": "SpongeBob SquarePants Battle for Bikini Bottom Rehydrated, bob esponja, @lokuedo5000",
    "peso": "8 GB",
    "servidor": "Mega",
    "genero": "Accion,Aventura,Plataformas",
    "video": "EQw2NQQ5M_Q",
    "tipo": "Games"
  },
  {
    "id": "a7155a83",
    "web": "-app",
    "state": "true",
    "uploader": "-app",
    "userimg": "-app",
    "titulo": "Deadpool",
    "img": "https://i.imgur.com/ee7okRH.jpg",
    "capturas": "https://i.imgur.com/sDii1bZ.png, https://i.imgur.com/HN24FXn.png",
    "dcp": "Cuando High Moon Studios rechaza la propuesta de Deadpool para \"el juego más asombroso\" protagonizado por él mismo, lanza explosivos en el estudio, lo que los obliga a cooperar. Incluso contrata",
    "infoall": "::h1;Descripcion::/h1;\nCuando High Moon Studios rechaza la propuesta de Deadpool para \"el juego más asombroso\" protagonizado por él mismo, lanza explosivos en el estudio, lo que los obliga a cooperar. Incluso contrata a Nolan North como su actor de voz. Se le entrega el guión del juego; Deadpool lo encuentra aburrido y lo dibuja con un crayón rojo. Siguiendo las primeras líneas del guión, Deadpool se propone asesinar al magnate corrupto de los medios Chance White. Deadpool irrumpe en la sede de medios de White, masacrando a sus guardias antes de enfrentarse a él y a White por la ventana del ático de este último y en las alcantarillas (arruinando el presupuesto del juego en el proceso al repetir los eventos por diversión). Sin embargo, White escapa con los Merodeadores , lo que obliga a Deadpool a perseguirlo. En el camino, experimenta el primero de muchos fallos (el resultado de que Deadpool arruina el presupuesto del juego) y se ve obligado a llamar a High Moon varias veces para coaccionarlos / sobornarlos para que terminen el juego. Después de matar al miembro de Marauders, Arclight , Deadpool encuentra a White reuniéndose con Mister Sinister , quien tiene BlockbusterMátalo una vez informado de que los satélites del magnate están bajo su control. Enojado por perder su recompensa, Deadpool mata a Vértigo , noquea a Blockbuster y se enfrenta al Sr. Siniestro, quien sin esfuerzo lo reduce a una cabeza incorpórea antes de irse con Blockbuster.\n\n::h1;Requisitos::/h1;\n::h4;Minimos:::/h4;\nSistema operativo: Windows 8, Windows 7, Windows Vista, Windows XP\nProcesador: Intel Core 2 Duo E8200 2.66 GHz o AMD Phenom X3 8750\nMemoria: 2 GB de RAM\nTarjeta gráfica: GeForce 8800 GT series con 512 MB de RAM o ATI Radeon HD4850 con 512MB de RAM\nDirectX: 9.0c\nDisco duro: 7 GB de espacio libre\nSonido: DirectX 9.0c o superior\n\n::h4;Recomendados:::/h4;\nDesconocidos\n\n::h1;Zona de Descarga::/h1;\n::h6;hola, soy @lokuedo5000 y como no cuento con entradas de ingresos le puse a los enlaces publicidad pasiva, que significa pasiva pues es fácil, al momento de abrir un enlace se le abre dos pestañas del navegador una es publicidad y la otra es un enlace de AdFly solo espera 5 segundo y listo, no tienes que presionar ningún botón que diga permitir::/h6;\n\n::h4;Enlaces::/h4;\n::h5;Parte 2::/h5;::a;https://www.mediafire.com/file/u949xilzsjezybm/D9_LKD5.part01.rar/file::/a;\n\n::h5;Parte 3::/h5;::a;https://www.mediafire.com/file/a83mmpmugnlub3n/D9_LKD5.part02.rar/file::/a;\n\n::h5;Parte 4::/h5;::a;https://www.mediafire.com/file/9o20q90955iw1va/D9_LKD5.part03.rar/file::/a;\n\n::h5;Parte 5::/h5;::a;https://www.mediafire.com/file/p6qc3tl6gr05pu5/D9_LKD5.part04.rar/file::/a;\n\n::h5;Parte 6::/h5;::a;https://www.mediafire.com/file/ez7hbdfbady3sxd/D9_LKD5.part05.rar/file::/a;\n\n::h5;Parte 7::/h5;::a;https://www.mediafire.com/file/59h3pe5ky7x0y7x/D9_LKD5.part06.rar/file::/a;\n\n::h5;Parte 8::/h5;::a;https://www.mediafire.com/file/4beexlngw6al5tl/D9_LKD5.part07.rar/file::/a;\n\n::h5;Parte 9::/h5;::a;https://www.mediafire.com/file/g1yhjuwq6bu283k/D9_LKD5.part08.rar/file::/a;\n\n::h5;Parte 10::/h5;::a;https://www.mediafire.com/file/fphmqqcx3qjgdml/D9_LKD5.part09.rar/file::/a;\n\n::h5;Parte 11::/h5;::a;https://www.mediafire.com/file/x5uv6ggfl7uo846/D9_LKD5.part10.rar/file::/a;\n\n::h5;Parte 12::/h5;::a;https://www.mediafire.com/file/yglrpm1qw9y8drt/D9_LKD5.part11.rar/file::/a;\n\n::h5;Parte 13::/h5;::a;https://www.mediafire.com/file/bo7i2lb5ezsct49/D9_LKD5.part12.rar/file::/a;\n\n::h5;Parte 14::/h5;::a;https://www.mediafire.com/file/ud7hm317hal16pz/D9_LKD5.part13.rar/file::/a;\n\n::h5;Parte 15::/h5;::a;https://www.mediafire.com/file/5114bnycomtdymx/D9_LKD5.part14.rar/file::/a;\n\n::h5;Parte 16::/h5;::a;https://www.mediafire.com/file/vvz1t3191zbhu0e/D9_LKD5.part15.rar/file::/a;\n\n::h4;Requerimientos::/h4;\n::h6;Contraseña: lokuedo5000::/h6;",
    "tags": "Deadpool, @lokuedo5000",
    "peso": "6,36 GB",
    "servidor": "mediafire",
    "genero": "Accion,Disparos en Tercera Persona",
    "video": "jgymWnFhvTA",
    "tipo": "Games"
  },
  {
    "id": "de5bb76e",
    "web": "-app",
    "state": "true",
    "uploader": "-app",
    "userimg": "-app",
    "titulo": "Bendy and the ink machine",
    "img": "https://i.imgur.com/biIx9lf.jpg",
    "capturas": "https://i.imgur.com/kOvLY5E.jpg, https://i.imgur.com/EnI9hNX.jpg",
    "dcp": "Bendy and the Ink Machine es un juego de terror y supervivencia que utiliza una combinación de resolución de rompecabezas, exploración del entorno y combate para ayudar a Henry en su viaje a través del estudio",
    "infoall": "::h1;Descripcion::/h1;\nBendy and the Ink Machine es un juego de terror y supervivencia que utiliza una combinación de resolución de rompecabezas, exploración del entorno y combate para ayudar a Henry en su viaje a través del estudio de animación. Los jugadores exploran a través de una vista en primera persona y tienen acciones físicas limitadas, como correr y saltar. Se pueden recopilar diferentes elementos, algunos de los cuales son requeridos para realizar diversas tareas antes de continuar. Latas de sopa de tocino (una referencia al creador del juego, TheMeatly, y su compañero, Mike Mood) también pueden ser recogidas tanto para desbloquear logros como para restaurar la salud de Henry si es lesionado.\n\n::h1;Requisitos::/h1;\n::h4;Minimos:::/h4;\nSO: 8\nProcesador: 32\nMemoria: 4 GB de RAM\nDirectX: Versión 10\nAlmacenamiento: 500 MB de espacio disponible\n::h4;Recomendados:::/h4;\nDesconocidos\n\n::h1;Zona de Descarga::/h1;\n::h6;hola, soy @lokuedo5000 y como no cuento con entradas de ingresos le puse a los enlaces publicidad pasiva, que significa pasiva pues es fácil, al momento de abrir un enlace se le abre dos pestañas del navegador una es publicidad y la otra es un enlace de AdFly solo espera 5 segundo y listo, no tienes que presionar ningún botón que diga permitir::/h6;\n\n::h4;Enlaces::/h4;\n::h5;Parte 1::/h5;::a;https://www.mediafire.com/file/uc7hlo65eqsoiy2/B4T1MC3_sshort_Games.part1.rar/file::/a;\n\n::h5;Parte 2::/h5;::a;https://www.mediafire.com/file/l5ky8sr1pc7tjcs/B4T1MC3_sshort_Games.part2.rar/file::/a;\n\n::h4;Requerimientos::/h4;\n::h6;Contraseña: lokuedo5000::/h6;",
    "tags": "Bendy and the ink machine, Bendy and the ink, @lokuedo5000",
    "peso": "1,5 GB",
    "servidor": "mediafire",
    "genero": "Horror,Survival",
    "video": "b1Uq9L-Dpak",
    "tipo": "Games"
  },
  {
    "id": "bb65f3b8",
    "web": "-app",
    "state": "true",
    "uploader": "-app",
    "userimg": "-app",
    "titulo": "Far Cry",
    "img": "https://i.imgur.com/MjptUre.jpg",
    "capturas": "https://i.imgur.com/vhIjENu.jpg, https://i.imgur.com/yXXUWFw.jpg",
    "dcp": "Un tranquilo paseo por las islas de Micronesia. Adornada por sus preciosos paisajes y por los vehículos y fortificaciones abandonados por los japoneses tras su derrota en la Segunda Guerra Mundial.",
    "infoall": "::h1;Descripcion::/h1;\nUn tranquilo paseo por las islas de Micronesia. Adornada por sus preciosos paisajes y por los vehículos y fortificaciones abandonados por los japoneses tras su derrota en la Segunda Guerra Mundial. Ese paseo supuestamente se trataba de una exploración de los antiguos restos de las fortificaciones y cadáveres de soldados japoneses. Valerie Constantine es nuestra exploradora, que no solo se quedó impactada por las construcciones derruidas y objetos oxidados sino por algo totalmente diferente que sucedía en esa isla. Valerie resulta ser una espía e intenta averiguar qué sucede en esa isla. Por casualidad se encuentra a Jack Carver, un soldado de élite que se ha retirado, para vivir tranquilamente en una zona de la Micronesia (Pacífico del Sur) y cuyo trabajo es alquilar botes. Entonces Valerine no solo alquila el bote sino que también le contrata para explorar una isla de la región. El Yate \"MEDUSA\" está listo y preparado para salir llega a alcanzar la isla que Valerine deseaba explorar, ella salió a pasear con una moto de agua para acercarse y observar. La gran cantidad de mercenarios y fuerzas especiales en las orillas eran para que protegieran la isla de cualquier intruso, además era tomado como una orden de los altos mandos: \"Si ven Actividad Sospechosa Actúen\" y por eso al acercarse son atacados desde la isla con un lanzacohetes, cuyo cohete impacta en el lado derecho del barco, haciendo que este vuele por los aires. Jack cae al agua y ve que en la isla en la que se encontraba habían algunas especies de monstruos en la isla(que ya hablaremos de ellos más adelante),entonces dirigiéndose a una cueva que sirvió como búnker para los japoneses y casi fue alcanzado por una granada lanzada al agua haciendo que Jack quede atrapado en la cueva. Allí comienza la aventura en la Isla Infernal donde tiene que sobrevivir. Afortunadamente, al salir se encuentra un radiotransmisor portátil. Harlan Doyle, un científico destacado, contactó a Jack Carver por radio y le ofrece ayuda\n\n::h1;Requisitos::/h1;\n::h4;Minimos:::/h4;\nSO: Windows 2000 / XP (sólo)\nProcesador: AMD Athlon a 1 GHz o Pentium III a 1 GHz\nMemoria: 256 MB de RAM\nGráficos: Gráfica con 64 MB y compatible con DirectX 9.0b (ver lista de soportadas*)\nSonido: Dispositivo de sonido PCI compatible con DirectX 9.0b (familia Sound Blaster Audigy recomendada)\nDirectX: DirectX 9.0b o posterior\nDisco Duro: 4 GB de espacio libre\nMultijugador: Conexión de banda ancha con 64 Kbps de velocidad de subida (512 Kbps de velocidad de subida para alojar a 8 jugadores)\nTeclado/Ratón: Necesarios teclado y ratón compatibles con Windows\n\n::h4;Recomendados:::/h4;\nSO: Windows 2000 / XP (sólo)\nProcesador: AMD Athlon a 2 - 3 GHz o Pentium 4 a 2 - 3 GHz\nMemoria: 512 MB - 1 GB de RAM\nSonido: Familia Sound Blaster Audigy (ver lista de soportados*)\nGráficos: Desde GeForce 4 con 128 MB, GeForce FX 5950 con 128 MB / ATI Radeon 9500-9800 XT\n\n::h1;Zona de Descarga::/h1;\n::h6;hola, soy @lokuedo5000 y como no cuento con entradas de ingresos le puse a los enlaces publicidad pasiva, que significa pasiva pues es fácil, al momento de abrir un enlace se le abre dos pestañas del navegador una es publicidad y la otra es un enlace de AdFly solo espera 5 segundo y listo, no tienes que presionar ningún botón que diga permitir::/h6;\n\n::h4;Enlaces::/h4;\n::h5;Parte 1::/h5;::a;https://mega.nz/file/s5oiwT4Y#RN5WGfp2zBihbWqjgMjFvMPausHKOFg36rjvis8HBns::/a;\n\n::h5;Parte 2::/h5;::a;https://mega.nz/file/k9xghTJD#poVSDqhAKXiQDGAEngvE6YPdll874dU5-v30JfhMnew::/a;\n\n::h5;Parte 3::/h5;::a;https://mega.nz/file/M5o0yJgC#aMmKZKxdd0Inix8renDHDgAZduEpE6jnOKYCg3O0WLI::/a;\n\n::h5;Parte 4::/h5;::a;https://mega.nz/file/t5gAjBoS#dIvUzLpSEnXxxFm0h3Fdx80gpHIkhBH0M_VJOczurWA::/a;\n\n::h5;Parte 5::/h5;::a;https://mega.nz/file/5ooABZ7R#tD1P0U18YWoltPZSkms47FpE9r4sa-uCNQcLWFDWmBk::/a;\n\n::h4;Requerimientos::/h4;\n::h6;Contraseña: lokuedo5000::/h6;",
    "tags": "Far Cry, Far Cry 1, @lokuedo5000",
    "peso": "3 GB",
    "servidor": "mega",
    "genero": "Accion,Aventura,Disparos en Primera Persona",
    "video": "bERwR8bApWE",
    "tipo": "Games"
  },
  {
    "id": "5417b771",
    "web": "-app",
    "state": "true",
    "uploader": "-app",
    "userimg": "-app",
    "titulo": "Far Cry 3",
    "img": "https://i.imgur.com/yp26E6f.jpg",
    "capturas": "https://i.imgur.com/WGdeUbo.png, https://i.imgur.com/bBV9ELk.png",
    "dcp": "El juego comienza con una cinemática mostrando al protagonista Jason Brody de vacaciones con sus amigos en Bangkok, donde deciden hacer un viaje de paracaidismo. El grupo aterriza en una isla infestada",
    "infoall": "::h1;Descripcion::/h1;\nEl juego comienza con una cinemática mostrando al protagonista Jason Brody de vacaciones con sus amigos en Bangkok, donde deciden hacer un viaje de paracaidismo. El grupo aterriza en una isla infestada de piratas y son hechos prisioneros por su líder, Vaas Montenegro. Vaas planea extorsionar el dinero de rescate de sus padres, para luego venderlos como esclavos. Con la ayuda de su hermano mayor Grant, Jason sale de su cautiverio. Sin embargo, Grant muere junto con uno de los amigos de Jason, Vincent Salas, durante el escape. Jason es rescatado por un hombre llamado Dennis, quien forma parte de los Rakyat, los nativos de la isla Rook que sufren debido a las actividades de los piratas. Dennis reconoce el potencial de Jason como un guerrero, y le da tatuajes especiales (tatau) que le permiten acceder a sus habilidades. Impresionados con la destreza de Jason, los Rakyat le permiten ser el primer extranjero que entra a su templo sagrado, y su líder Citra (hermana de Vaas) lo inicia en la tribu. Él ejecuta una serie de misiones en las que rescata a sus amigos uno por uno (con exclusión de la novia de Grant, Daisy, quien se descubre que también escapó), mientras que al mismo tiempo ayuda a los nativos a retomar su isla, ayudado algunos veces por el Dr. Earnhardt, un hombre experto en fungi, diversos remedios naturales y drogas. A lo largo de la aventura, Jason madura en un temible guerrero y es venerado por los Rakyat, a pesar que sus viejos amigos se ven perturbados por su transformación en asesino, sobre todo cuando contempla su estancia en la isla de forma permanente para quedarse con Citra.\n\n::h1;Requisitos::/h1;\n::h4;Minimos:::/h4;\nSistema Operativo:Windows XP, Windows Vista y Windows 7\nProcesador:Intel Core 2 Duo E6700 @ 2.6 GHz ó AMD Athlon64 X2 6000+ @ 3.0Ghz ó superior\nMemoria:4 GB RAM\nTarjeta gráfica:512MB Video RAM (1GB Video RAM), DirectX9c (DirectX11) Shader Model 3.0 (Shader Model 5.0)\nDirectX :9.0c\nDisco duro:15 GB HD space\nSound:DirectX Compatible (Recomendados Surround Sound 5.1 capable)\nOther Requirements:Conexión a Internet de banda ancha\n\n::h4;Recomendados:::/h4;\nMemoria:4 GB RAM\nTarjeta gráfica:512MB Video RAM (1GB Video RAM), DirectX9c (DirectX11) Shader Model 3.0 (Shader Model 5.0)\nDirectX :11\nDisco duro:15 GB HD space\nSound:DirectX Compatible (Recomendados Surround Sound 5.1 capable)\nOther Requirements:Conexión a Internet de banda ancha\n\n::h1;Zona de Descarga::/h1;\n::h6;hola, soy @lokuedo5000 y como no cuento con entradas de ingresos le puse a los enlaces publicidad pasiva, que significa pasiva pues es fácil, al momento de abrir un enlace se le abre dos pestañas del navegador una es publicidad y la otra es un enlace de AdFly solo espera 5 segundo y listo, no tienes que presionar ningún botón que diga permitir::/h6;\n\n::h4;Enlaces::/h4;\n::h5;Parte 1::/h5;::a;https://mega.nz/file/ItBhjaJZ#I7K4G0EUjD-MIhLNkZDULu19LhLisZD0fJUJxMicxEI::/a;\n\n::h5;Parte 2::/h5;::a;https://mega.nz/file/x4pFTLYA#2thj2gbdUvZdX4MW60g6i1ulgWSNIswMwaF1WGDxRpY::/a;\n\n::h5;Parte 3::/h5;::a;https://mega.nz/file/UhghBDCJ#qcxa9S38nNj9KDzG3E0P9gRjNGdHhDm706lsKHCkJa0::/a;\n\n::h5;Parte 4::/h5;::a;https://mega.nz/file/594n1bBQ#qM2tFKNP9wMHG5jdAbIhMx27Q0VEdFUyYmOujFIupcs::/a;\n\n::h5;Parte 5::/h5;::a;https://mega.nz/file/cgw3SRiA#Q3NgAEBOLnh9jD00es8auzwqYT8iVk_mA8O0PNrQ60c::/a;\n\n::h5;Parte 6::/h5;::a;https://mega.nz/file/h5gXULQB#FyJSR6r5BETnbSDRkl2VhBc9hMCro8tcf14nDAc8Xa0::/a;\n\n::h5;Parte 7::/h5;::a;https://mega.nz/file/pkhFhTrI#42s3xafWH2pmfachY-JOAyg_Bxir77_dh7JcjpqJFdQ::/a;\n\n::h5;Parte 8::/h5;::a;https://mega.nz/file/QkhHDTxb#pqiXcwKHApnTlniftnxxT5GxH84eNdqqeor3B1M6J0g::/a;\n\n::h4;Requerimientos::/h4;\n::h6;Contraseña: lokuedo5000::/h6;",
    "tags": "Far Cry 3, Far Cry, @lokuedo5000",
    "peso": "8 GB",
    "servidor": "Mega",
    "genero": "Accion,Aventura,Disparos en Primera Persona",
    "video": "4Ny2beIta8Q",
    "tipo": "Games"
  },
  {
    "id": "d3e35222",
    "web": "-app",
    "state": "true",
    "uploader": "-app",
    "userimg": "-app",
    "titulo": "Firewatch",
    "img": "https://i.imgur.com/PSUH1ah.jpg",
    "capturas": "https://i.imgur.com/foLuM2t.jpg, https://i.imgur.com/bt52XUb.jpg",
    "dcp": "En 1989, después del incendio de Yellowstone de 1988, Henry toma un trabajo como un puesto de vigilancia de Bosque Nacional Shoshone, después de que su esposa Julia desarrolla alzheimer de inicio",
    "infoall": "::h1;Descripcion::/h1;\nEn 1989, después del incendio de Yellowstone de 1988, Henry toma un trabajo como un puesto de vigilancia de Bosque Nacional Shoshone, después de que su esposa Julia desarrolla alzheimer de inicio temprano. El primer día, su supervisora Delilah lo contacta a través de walkie-talkie y le pide que investigue los fuegos artificiales ilegales en un lago cercano. Allí él detecta a muchachas adolescentes nadando desnudas, que lo acusan de \"viejo mirón pervertido\". En su camino de regreso, encuentra una cueva cerrada (Cueva 452) y ve una figura envuelta. Henry descubre que su torre de vigilancia ha sido saqueada cuando llega. Al día siguiente, Delilah lo envía a una línea de comunicación derribada. Se encuentra un cable cortado, junto con un mensaje de las chicas. Él y Delilah planean asustarlas, pero Henry encuentra su campamento abandonado y desgarrado.\n\n::h1;Requisitos::/h1;\n::h4;Minimos:::/h4;\nSO: Windows 7 ó superior 64bit.\nProcesador: Intel Core i3 2.00 GHz ó AMD equivalent.\nMemoria: 6 GB de RAM.\nGráficos: NVIDIA GeForce 450 ó superior con 1GB Memoria.\nDirectX: Versión 11.\nAlmacenamiento: 4 GB de espacio disponible.\n\n::h4;Recomendados:::/h4;\nDesconocidos\n\n::h1;Zona de Descarga::/h1;\n::h6;hola, soy @lokuedo5000 y como no cuento con entradas de ingresos le puse a los enlaces publicidad pasiva, que significa pasiva pues es fácil, al momento de abrir un enlace se le abre dos pestañas del navegador una es publicidad y la otra es un enlace de AdFly solo espera 5 segundo y listo, no tienes que presionar ningún botón que diga permitir::/h6;\n\n::h4;Enlaces::/h4;\n::h5;Parte 1::/h5;::a;https://mega.nz/#!KY5zVALJ!Q2sOWFfnQ6lTw4yE2b_XzbcK5QbmWGzv7NV_bmOmmOw::/a;\n\n::h4;Requerimientos::/h4;\n::h6;Contraseña: No Password::/h6;",
    "tags": "Firewatch, @lokuedo5000",
    "peso": "1,5 GB",
    "servidor": "mega",
    "genero": "Aventura,Misterio",
    "video": "nf-lkHzR5IE",
    "tipo": "Games"
  },
  {
    "id": "445324564",
    "web": "-app",
    "state": "true",
    "uploader": "-app",
    "userimg": "-app",
    "titulo": "Camtasia Studio 8",
    "img": "https://i.imgur.com/WgU10n9.jpg",
    "capturas": "https://i.imgur.com/CueigG8.png, https://i.imgur.com/rf4wrcd.png, https://i.imgur.com/0o8Xf7U.png, https://i.imgur.com/GTTpiPE.png, https://i.imgur.com/Wi5g9re.png, https://i.imgur.com/R85XY7e.png",
    "dcp": "Camtasia (pronunciación: /kæmˈteɪʒə/), anteriormente Camtasia Studio y Camtasia para Mac, es una suite o conjunto de programas, creados y publicados por TechSmith,1​ para crear tutoriales en vídeo",
    "infoall": "::h1;Descripcion::/h1;\nCamtasia (pronunciación: /kæmˈteɪʒə/), anteriormente Camtasia Studio y Camtasia para Mac, es una suite o conjunto de programas, creados y publicados por TechSmith,1​ para crear tutoriales en vídeo y\npresentaciones vía screencast, o a través de un plug-in de grabado directo en Microsoft PowerPoint.\n\nEl área de la pantalla que se va a grabar se puede elegir libremente, y se pueden registrar otras grabaciones de audio o multimedia al mismo tiempo, o añadirse por separado de cualquier otra fuente e integrarse en el componente de\nCamtasia Studio del producto. Ambas versiones de Camtasia empezaron como programas de captura de pantalla mejorados y han evolucionado para integrar herramientas de captura de pantalla y de post-procesamiento dirigidos al mercado de\ndesarrollo educativo y de información multimedia.\n\nCamtasia Studio 8 para Microsoft Windows está compuesto de dos componentes principales:\n\nCamtasia Recorder - una herramienta de captura de pantalla y audio independiente\nCamtasia Studio editor - el componente con el nombre del programa, que es ahora una herramienta multimedia con la interfaz estándar del \"timeline\" para manejar varios clips en una misma pista, además de las mejoras que aparecen\nresumidas a continuación.\n\n::h1;Requisitos::/h1;\nMicrosoft Windows XP SP3, Windows Vista o Windows 7\nMicrosoft DirectX 9 o una versión posterior\n\nMicrosoft. NET 4.0 Client Profile (incluidos, excepto con el instalador MSI)\nDe doble núcleo del procesador mínima, Quad-Core o mejor recomendado\n2 GB de RAM como mínimo, 4 GB de RAM o superior recomendado\n\n2 GB de espacio en disco duro para instalar el programa\nDimensiones de la pantalla de 1024x768 o mayor\nDedicado compatible con Windows tarjeta de sonido, micrófono y altavoces recomendados\nCamtasia Studio Add-in para PowerPoint requiere PowerPoint 2007 o 2010 (32 bits)\nImportación de. Mov y la producción de. Mov y M4V. Requiere Apple QuickTime 7.2 o posterior\nGrabación de la cámara de vídeo requiere una cámara web USB. Grabación en vivo desde una cámara DV no es compatible\nIntegración con Relay Camtasia Camtasia Recorder cliente requiere relé\nAceleración de la GPU requiere DirectX 9 adaptador de vídeo compatible con 128 MB de memoria de vídeo o más y Pixel Shader 2.0 o posterior\n\n::h1;Zona de Descarga::/h1;\n::h6;hola, soy @lokuedo5000 y como no cuento con entradas de ingresos le puse a los enlaces publicidad pasiva, que significa pasiva pues es fácil, al momento de abrir un enlace se le abre dos pestañas del navegador una es publicidad y la otra es un enlace de AdFly solo espera 5 segundo y listo, no tienes que presionar ningún botón que diga permitir::/h6;\n\n::h4;Enlaces::/h4;\n::h5;Parte 1::/h5;::a;https://mega.nz/file/qsBB2I7L#O7mTene-cfKTkQiOUALeM9-OBmx6uAl934asPSFI8uE::/a;\n\n::h4;Requerimientos::/h4;\n::h6;Para descomprimir los archivos necesitas ambas contraseñas::/h6;\n::h6;Contraseña 1: 4c40e14c::/h6;\n::h6;Contraseña 2: 5f7d712bde6d::/h6;",
    "tags": "Camtasia Studio 8, Camtasia, Camtasia Studio, @lokuedo5000",
    "peso": "247 MB",
    "servidor": "mega",
    "genero": "edicion, video",
    "video": "DaasZU-d1dc",
    "tipo": "Programs"
  },
  {
    "id": "7210f23f",
    "web": "-app",
    "state": "true",
    "uploader": "-app",
    "userimg": "-app",
    "titulo": "Sublime Text 3",
    "img": "https://i.imgur.com/HuqycJm.jpg",
    "capturas": "https://i.imgur.com/HuqycJm.jpg, https://i.imgur.com/HuqycJm.jpg, https://i.imgur.com/HuqycJm.jpg",
    "dcp": "Sublime Text es un editor de texto y editor de código fuente. Está escrito en C++ y Python para los plugins.1​ Desarrollado originalmente como una extensión de Vim, con el tiempo fue creando",
    "infoall": "::h1;Descripcion::/h1;\nSublime Text es un editor de texto y editor de código fuente. Está escrito en C++ y Python para los plugins.1​ Desarrollado originalmente como una extensión de Vim, con el tiempo fue creando una identidad propia. Aún conserva un modo de edición tipo vi llamado Vintage mode.2​\n\nSe puede descargar y evaluar de forma gratuita. Sin embargo no es software libre o de código abierto3​ y se debe obtener una licencia para su uso continuado, aunque la versión de evaluación es plenamente funcional y no tiene fecha de caducidad.\n\nLa última versión estable es la 3.2.2, liberada el 1 de octubre de 2019.\n\n::h1;Zona de Descarga::/h1;\n::h6;hola, soy @lokuedo5000 y como no cuento con entradas de ingresos le puse a los enlaces publicidad pasiva, que significa pasiva pues es fácil, al momento de abrir un enlace se le abre dos pestañas del navegador una es publicidad y la otra es un enlace de AdFly solo espera 5 segundo y listo, no tienes que presionar ningún botón que diga permitir::/h6;\n\n::h4;Enlaces::/h4;\n::h5;Parte 1::/h5;::a;https://mega.nz/file/vhBVWS6Y#fgp9zTh7IY4-5BKruZSVy4x4Nc_nnlJhY4omcPfuxPc::/a;\n\n::h1;Complementos::/h1;\n::h6;Para la instalación de sublime text 3\nnecesitan agregar un host en un archivo en la carpeta etc\n\nRuta de la Carpeta\nC:\\Windows\\System32\\drivers\\etc\n\nDentro hay un archivo sin extensión\n\nNombre del Archivo\nhosts\n\nInstalación del Host\n1. abren el block de notas con permisos de administrador\n2. oprimen Ctrl + A o en el menú bar desplegad archivos o files selecciona la opción abrir\n3. buscamos la ruta de la carpeta etc C:\\Windows\\System32\\drivers\\etc\n4. cuando estemos dentro de la carpeta etc, cambiamos la opción donde dice Documentos de texto (*.txt) la cambiamos a Todos los Archivos (*.*) y luego abre el archivo sin extension (hosts)\n\nAhora les dejo el Host\n127.0.0.1    license.sublimehq.com\n\nTambien les dejo Key de activación\n\n----- BEGIN LICENSE -----\nMember J2TeaM\nSingle User License\nEA7E-1011316\nD7DA350E 1B8B0760 972F8B60 F3E64036\nB9B4E234 F356F38F 0AD1E3B7 0E9C5FAD\nFA0A2ABE 25F65BD8 D51458E5 3923CE80\n87428428 79079A01 AA69F319 A1AF29A4\nA684C2DC 0B1583D4 19CBD290 217618CD\n5653E0A0 BACE3948 BB2EE45E 422D2C87\nDD9AF44B 99C49590 D2DBDEE1 75860FD2\n8C8BB2AD B2ECE5A4 EFC08AF2 25A9B864\n------ END LICENSE ------\n\nA continuación vea donde deben pegar el host::/h6;\n<div class='dcpimgdiv'>\n        <img class='imgdcp zoomimg' src='https://i.imgur.com/5FVrNJm.png' data-ver='show'>\n        <img class='imgdcp zoomimg' src='https://i.imgur.com/XKnWo44.png' data-ver='show'>\n        <img class='imgdcp zoomimg' src='https://i.imgur.com/0TXsJWz.png' data-ver='show'>\n        <img class='imgdcp zoomimg' src='https://i.imgur.com/iQDQbIz.png' data-ver='show'>\n        <img class='imgdcp zoomimg' src='https://i.imgur.com/gPNHzw2.png' data-ver='show'>\n</div>\n\n\n::h4;Requerimientos::/h4;\n::h6;Para descomprimir los archivos necesitas ambas contraseñas::/h6;\n::h6;Contraseña 1: 72e5cdc9::/h6;\n::h6;Contraseña 2: 13c3875f6c22::/h6;",
    "tags": "Sublime Text 3, Sublime Text 3 3211, Sublime Text 3 3.2.2, @lokuedo5000",
    "peso": "20 MB",
    "servidor": "mega",
    "genero": "editor de texto",
    "video": "DaasZU-d1dc",
    "tipo": "Programs"
  }
]