[
  {
    "item": "Todos"
  },
  {
    "item": "Acción"
  },
  {
    "item": "Arcade"
  },
  {
    "item": "Aventura"
  },
  {
    "item": "Aventura Gráfica"
  },
  {
    "item": "Consola Virtual"
  },
  {
    "item": "Conduccion"
  },
  {
    "item": "Deportes"
  },
  {
    "item": "Disparos en Primera Persona"
  },
  {
    "item": "Disparos en Tercera Persona"
  },
  {
    "item": "Estrategia"
  },
  {
    "item": "Lucha"
  },
  {
    "item": "Multijugador Online"
  },
  {
    "item": "Musical"
  },
  {
    "item": "PS Network"
  },
  {
    "item": "Plataformas"
  },
  {
    "item": "Puzle"
  },
  {
    "item": "Realidad Virtual"
  },
  {
    "item": "Rol"
  },
  {
    "item": "Shooter"
  },
  {
    "item": "Simulador"
  },
  {
    "item": "Velocidad"
  },
  {
    "item": "Xbox Live Arcade"
  },
  {
    "item": "Estrategia"
  },
  {
    "item": "Horror"
  },
  {
    "item": "Plataformas"
  },
  {
    "item": "Point and Click"
  },
  {
    "item": "Pelicula Interactiva"
  },
  {
    "item": "Survival"
  }
]
